"Id","Url","Title","Organizer"
"12800","https://gamesheetstats.com/api/useSeasonDivisions/getSeason/12800","Ashland - PeeWee Tournament - Dec 5-7, 2025","USAH - Central District"
"12801","https://gamesheetstats.com/api/useSeasonDivisions/getSeason/12801","Jon Sim 2-Line Tournament - Dec 22-23, 2025","Atlantic Hockey Group"
"12802","https://gamesheetstats.com/api/useSeasonDivisions/getSeason/12802","Tournament of the Rings - Dec 29-30, 2025","Atlantic Hockey Group"
"12803","https://gamesheetstats.com/api/useSeasonDivisions/getSeason/12803","MHT- Omaha - Winter Classic III - Dec 19-21, 2025","MYHockey Tournaments"
"12804","https://gamesheetstats.com/api/useSeasonDivisions/getSeason/12804","GKSSA 2026 Outdoor","Soccer"
"12805","https://gamesheetstats.com/api/useSeasonDivisions/getSeason/12805","",""
"12806","https://gamesheetstats.com/api/useSeasonDivisions/getSeason/12806","New Hamburg U18 Showcase - Dec 18, 2025","OMHA"
"12807","https://gamesheetstats.com/api/useSeasonDivisions/getSeason/12807","",""
"12808","https://gamesheetstats.com/api/useSeasonDivisions/getSeason/12808","Mad Man Hockey - Cleveland Winter Clash AAA - Dec 12-14, 2025","Mad Man Hockey"
"12809","https://gamesheetstats.com/api/useSeasonDivisions/getSeason/12809","Petawawa - U15 House League B and C Tournament - Dec 12-14, 2025","Hockey Eastern Ontario (HEO)"
"12810","https://gamesheetstats.com/api/useSeasonDivisions/getSeason/12810","",""
"12811","https://gamesheetstats.com/api/useSeasonDivisions/getSeason/12811","",""
"12812","https://gamesheetstats.com/api/useSeasonDivisions/getSeason/12812","",""
"12813","https://gamesheetstats.com/api/useSeasonDivisions/getSeason/12813","Pittsburgh Penguins Elite - Mid Winter Classic - Dec 19-21, 2025","USAH - MidAm Hockey District"
"12814","https://gamesheetstats.com/api/useSeasonDivisions/getSeason/12814","TriStar Youth Hockey League - Spring 2026","USAH - Southeastern District"
"12815","https://gamesheetstats.com/api/useSeasonDivisions/getSeason/12815"," JGA Swedish Series - Dec 31 - Jan 4, 2026","USAH - Minnesota District"
"12816","https://gamesheetstats.com/api/useSeasonDivisions/getSeason/12816","East Coast Ice Jam - Jan 07-11 2026","Hockey Nova Scotia"
"12817","https://gamesheetstats.com/api/useSeasonDivisions/getSeason/12817","2025-26 FYHA SCHEELS Girls International 15U - Dec 19-21, 2025","USAH - Northern Plains District"
"12818","https://gamesheetstats.com/api/useSeasonDivisions/getSeason/12818","D16 Thief River Falls - PeeWee B Big Cat Classic - Dec 19-21, 2025","USAH - Minnesota District"
"12819","https://gamesheetstats.com/api/useSeasonDivisions/getSeason/12819","D9 Albert Lea - 10U B2 Tournament - Dec 19-21, 2025","USAH - Minnesota District"
"12820","https://gamesheetstats.com/api/useSeasonDivisions/getSeason/12820","NAR Hockey Clash in the Rockies - Dec 12-15, 2025","USAH - Michigan District"
"12821","https://gamesheetstats.com/api/useSeasonDivisions/getSeason/12821","D8 Inver Grove - Bantam Battle - Dec 19-21, 2025","USAH - Minnesota District"
"12822","https://gamesheetstats.com/api/useSeasonDivisions/getSeason/12822","North Alabama Youth House League - 2nd Half - 2025/2026","USAH - Southeastern District"
"12823","https://gamesheetstats.com/api/useSeasonDivisions/getSeason/12823","Cadillac - Fall Freeze Tournament - Dec 12-14, 2025","USAH - Michigan District"
"12824","https://gamesheetstats.com/api/useSeasonDivisions/getSeason/12824","FTF - Calgary Combine 2025","Soccer"
"12825","https://gamesheetstats.com/api/useSeasonDivisions/getSeason/12825","Hayward - Chiller Challenge Squirt Tournament - Dec 13-14, 2025","USAH - Central District"
"12826","https://gamesheetstats.com/api/useSeasonDivisions/getSeason/12826","Hayward - Chiller Challenge Peewee Tournament -  Dec 20-21, 2025","USAH - Central District"
"12827","https://gamesheetstats.com/api/useSeasonDivisions/getSeason/12827","",""
"12828","https://gamesheetstats.com/api/useSeasonDivisions/getSeason/12828","D11 Proctor - Bantam B2 Tournament - Dec 19-21, 2025","USAH - Minnesota District"
"12829","https://gamesheetstats.com/api/useSeasonDivisions/getSeason/12829","South St Paul - Premier Tournament - Dec 27-30, 2025","USA - Independent"
"12830","https://gamesheetstats.com/api/useSeasonDivisions/getSeason/12830","Chicago - HoHo Holiday Classic - Dec 26-29, 2025","Ultimate Hockey Tournaments"
"12831","https://gamesheetstats.com/api/useSeasonDivisions/getSeason/12831","South Bend - The Elf Games - Dec 27-29, 2025","Ultimate Hockey Tournaments"
"12832","https://gamesheetstats.com/api/useSeasonDivisions/getSeason/12832","D4 Fairmont - Peewee Bardown Showdown - Dec 12-14, 2025","USAH - Minnesota District"
"12833","https://gamesheetstats.com/api/useSeasonDivisions/getSeason/12833","D11 Two Harbors - Great Lake Skate PeeWee B1 - Dec 19-21, 2025","USAH - Minnesota District"
"12834","https://gamesheetstats.com/api/useSeasonDivisions/getSeason/12834","",""
"12835","https://gamesheetstats.com/api/useSeasonDivisions/getSeason/12835","Non-Compete Hockey League - Spring 2026","USA - Independent"
"12836","https://gamesheetstats.com/api/useSeasonDivisions/getSeason/12836","",""
"12837","https://gamesheetstats.com/api/useSeasonDivisions/getSeason/12837","",""
"12838","https://gamesheetstats.com/api/useSeasonDivisions/getSeason/12838","",""
"12839","https://gamesheetstats.com/api/useSeasonDivisions/getSeason/12839","Bethlehem Steel Ice Classic - Jan 3-4, 2026","USA - Independent"
"12840","https://gamesheetstats.com/api/useSeasonDivisions/getSeason/12840","D12 Hibbing/Chisholm - Chet Tomassoni Peewee A/B Tournament - Dec 19-21, 2025","USAH - Minnesota District"
"12841","https://gamesheetstats.com/api/useSeasonDivisions/getSeason/12841","Youth South Central Championship","Independent Lacrosse"
"12842","https://gamesheetstats.com/api/useSeasonDivisions/getSeason/12842","D16 Roseau - Paul Broten Peewee A & AA Tournament - Dec 19-21, 2025","USAH - Minnesota District"
"12843","https://gamesheetstats.com/api/useSeasonDivisions/getSeason/12843","Baldwin - Bantam Tournament - Dec 26-28, 2025","USAH - Central District"
"12844","https://gamesheetstats.com/api/useSeasonDivisions/getSeason/12844","D10 Elk River - Twaddle Memorial - Dec 26-28, 2025","USAH - Minnesota District"
"12845","https://gamesheetstats.com/api/useSeasonDivisions/getSeason/12845","D2 MVI - Super Rink Spectacular Christmas Tournament Dec 26-28, 2025","USAH - Minnesota District"
"12846","https://gamesheetstats.com/api/useSeasonDivisions/getSeason/12846","D8 Lakeville - Squirt Showdown - Dec 26-28, 2025","USAH - Minnesota District"
"12847","https://gamesheetstats.com/api/useSeasonDivisions/getSeason/12847","D8 Lakeville - U10 Showdown - Dec 26-28, 2025","USAH - Minnesota District"
"12848","https://gamesheetstats.com/api/useSeasonDivisions/getSeason/12848","Black Aces Adult Hockey Lunch League Winter 2026","USA - Independent"
"12849","https://gamesheetstats.com/api/useSeasonDivisions/getSeason/12849","",""
"12850","https://gamesheetstats.com/api/useSeasonDivisions/getSeason/12850","The League @ Men's Brick and Middletown - Winter/Spring 2026","USA - Independent"
"12851","https://gamesheetstats.com/api/useSeasonDivisions/getSeason/12851","D8 RWAHA - Squirt B Shiver River Showdown - Dec 12-14, 2025","USAH - Minnesota District"
"12852","https://gamesheetstats.com/api/useSeasonDivisions/getSeason/12852","D8 RWAHA - Squirt C Shiver River Showdown - Dec 19-21, 2025","USAH - Minnesota District"
"12853","https://gamesheetstats.com/api/useSeasonDivisions/getSeason/12853","Western New York High School Club Hockey League - Christmas Tournament - Dec 15-24, 2025","USA - Independent"
"12854","https://gamesheetstats.com/api/useSeasonDivisions/getSeason/12854","Garden Hockey Youth House League - 2025/2026 Season","USAH - Michigan District"
"12855","https://gamesheetstats.com/api/useSeasonDivisions/getSeason/12855","",""
"12856","https://gamesheetstats.com/api/useSeasonDivisions/getSeason/12856","",""
"12857","https://gamesheetstats.com/api/useSeasonDivisions/getSeason/12857","",""
"12858","https://gamesheetstats.com/api/useSeasonDivisions/getSeason/12858","",""
"12859","https://gamesheetstats.com/api/useSeasonDivisions/getSeason/12859","",""
"12860","https://gamesheetstats.com/api/useSeasonDivisions/getSeason/12860","",""
"12861","https://gamesheetstats.com/api/useSeasonDivisions/getSeason/12861","",""
"12862","https://gamesheetstats.com/api/useSeasonDivisions/getSeason/12862","Northshire Hockey - 10U Bulldog Classic - Dec 12-14, 2025","USAH - New England District"
"12863","https://gamesheetstats.com/api/useSeasonDivisions/getSeason/12863","Rothesay - Gusto 2-Line Winter Classic - Dec 20-23, 2025","High School "
"12864","https://gamesheetstats.com/api/useSeasonDivisions/getSeason/12864","Beaver Brae Secondary School - K-Town Classic - Dec 12-14, 2025","High School "
"12865","https://gamesheetstats.com/api/useSeasonDivisions/getSeason/12865","Islanders Hockey Club - 2013 Islander Challenger Series - Dec 12-14, 2025","USAH - Massachusetts District"
"12866","https://gamesheetstats.com/api/useSeasonDivisions/getSeason/12866","Ice Hockey Association of India - 2025/26","International"
"12867","https://gamesheetstats.com/api/useSeasonDivisions/getSeason/12867","DJHL - Sportscraft Source for Sports Seasonal Tournaments","Hockey Newfoundland"
"12868","https://gamesheetstats.com/api/useSeasonDivisions/getSeason/12868","Winter Gunnison League 2026","USA - Independent"
"12869","https://gamesheetstats.com/api/useSeasonDivisions/getSeason/12869","Winter CB Town League 2026","USA - Independent"
"12870","https://gamesheetstats.com/api/useSeasonDivisions/getSeason/12870","Mount Pearl - Cec Stoyles Memorial All-Star Christmas Tournament - Dec 20 - Jan 1, 2026","Hockey Newfoundland"
"12871","https://gamesheetstats.com/api/useSeasonDivisions/getSeason/12871","D11 Hermantown - Squirt B2 Tournament - Dec 19-21, 2025","USAH - Minnesota District"
"12872","https://gamesheetstats.com/api/useSeasonDivisions/getSeason/12872","D11 Hermantown - PeeWee B1 Tournament - Jan 2-4, 2026","USAH - Minnesota District"
"12873","https://gamesheetstats.com/api/useSeasonDivisions/getSeason/12873","No Bull Hockey League - Season 24","USA - Independent"
"12874","https://gamesheetstats.com/api/useSeasonDivisions/getSeason/12874","BHL - Carnegie Cup - Dec 19-21, 2025","Independent / Adult Leagues"
"12875","https://gamesheetstats.com/api/useSeasonDivisions/getSeason/12875","PREDSidents Day Classic (AA & A) - Feb 13-16, 2026","Total Package Hockey"
"12876","https://gamesheetstats.com/api/useSeasonDivisions/getSeason/12876","Music City Winter Classic (AAA, AA, 8U) - Jan 1-4, 2026","Total Package Hockey"
"12877","https://gamesheetstats.com/api/useSeasonDivisions/getSeason/12877","Music City MLK Showdown (AA & A) - Jan 16-19, 2026","Total Package Hockey"
"12878","https://gamesheetstats.com/api/useSeasonDivisions/getSeason/12878","Nashvegas Winter Showdown (AA & A) - Feb 6-8, 2026","Total Package Hockey"
"12879","https://gamesheetstats.com/api/useSeasonDivisions/getSeason/12879","Smashville Showdown (AAA/AA & 8U) - Feb 27 - March 1, 2026","Total Package Hockey"
"12880","https://gamesheetstats.com/api/useSeasonDivisions/getSeason/12880","D16 Thief River Falls - 15UB Girls Frostbite Frenzy - Jan 2-4, 2026","USAH - Minnesota District"
"12881","https://gamesheetstats.com/api/useSeasonDivisions/getSeason/12881","High School Classic Tournament - Jan 2-4, 2026","Glacier Ice Rink"
"12882","https://gamesheetstats.com/api/useSeasonDivisions/getSeason/12882","EPCS - Pittsburgh - Jan 2-4 2026","USA - Independent"
"12883","https://gamesheetstats.com/api/useSeasonDivisions/getSeason/12883","EPCS - Clearwater - Jan 2-4 2026","USA - Independent"
"12884","https://gamesheetstats.com/api/useSeasonDivisions/getSeason/12884","Charlottetown - George Trainor Holiday Classic - Dec 27-29, 2025","Hockey PEI"
"12885","https://gamesheetstats.com/api/useSeasonDivisions/getSeason/12885","D6 Edina - 57th Annual Invitational Tournament - Dec 30-Jan 4, 2026","USAH - Minnesota District"
"12886","https://gamesheetstats.com/api/useSeasonDivisions/getSeason/12886","26-029 - Howlin' Puck Christmas Tournament - Waterloo MHA","Minor Hockey Alliance of Ontario (Alliance)"
"12887","https://gamesheetstats.com/api/useSeasonDivisions/getSeason/12887","",""
"12888","https://gamesheetstats.com/api/useSeasonDivisions/getSeason/12888","Cache Winter Classic (10U) - Dec 12-14, 2025","USAH - Rocky Mountain District"
"12889","https://gamesheetstats.com/api/useSeasonDivisions/getSeason/12889","Cache Winter Classic (12U) - Feb 20-22, 2026","USAH - Rocky Mountain District"
"12890","https://gamesheetstats.com/api/useSeasonDivisions/getSeason/12890","Watertown - Squirt Holiday Hat Trick - Dec 12-14, 2025","USAH - New York District"
"12891","https://gamesheetstats.com/api/useSeasonDivisions/getSeason/12891","Julia's Hockey Season Copy","ZZ-Testing  Association"
"12892","https://gamesheetstats.com/api/useSeasonDivisions/getSeason/12892","Southern Icedogs Hockey - Top 44 Tournament - Dec 29-30, 2025 ","Independent / Adult Leagues"
"12893","https://gamesheetstats.com/api/useSeasonDivisions/getSeason/12893","Halifax Hawks - Tom Saunders Memorial Tournament - Dec 27-29, 2025 ","Hockey Nova Scotia"
"12894","https://gamesheetstats.com/api/useSeasonDivisions/getSeason/12894","D10 Anoka - Peewee Anoka Classic - Jan 1-4, 2026","USAH - Minnesota District"
"12895","https://gamesheetstats.com/api/useSeasonDivisions/getSeason/12895","D11 Cloquet - Bantam B1/B2 Eagles Club Classic - Jan 2-4, 2026","USAH - Minnesota District"
"12896","https://gamesheetstats.com/api/useSeasonDivisions/getSeason/12896","D11 Proctor - PeeWee B2 Tournament - Jan 2-4, 2026","USAH - Minnesota District"
"12897","https://gamesheetstats.com/api/useSeasonDivisions/getSeason/12897","D15 Alexandria - Big Ole Tournament PWAA/A and PWB - Jan 2-4, 2026","USAH - Minnesota District"
"12898","https://gamesheetstats.com/api/useSeasonDivisions/getSeason/12898","D15 Detroit Lakes - Squirts Kent Cup Winter Series Tournament - Jan 2-4, 2026","USAH - Minnesota District"
"12899","https://gamesheetstats.com/api/useSeasonDivisions/getSeason/12899","D15 Fergus Falls - 12U A/B Tournament - Jan 2-4, 2026","USAH - Minnesota District"
"12900","https://gamesheetstats.com/api/useSeasonDivisions/getSeason/12900","Pittsburgh Showcase - Jan 2-4, 2026","SuperSeries AAA"
"12901","https://gamesheetstats.com/api/useSeasonDivisions/getSeason/12901","King of Detroit - Jan 16-18, 2026","SuperSeries AAA"
"12902","https://gamesheetstats.com/api/useSeasonDivisions/getSeason/12902","Presidents Day Showcase - Feb 14-16, 2026","SuperSeries AAA"
"12903","https://gamesheetstats.com/api/useSeasonDivisions/getSeason/12903","North","ZZ-Testing  Association"
"12904","https://gamesheetstats.com/api/useSeasonDivisions/getSeason/12904","South","ZZ-Testing  Association"
"12905","https://gamesheetstats.com/api/useSeasonDivisions/getSeason/12905","East","ZZ-Testing  Association"
"12906","https://gamesheetstats.com/api/useSeasonDivisions/getSeason/12906","West","ZZ-Testing  Association"
"12907","https://gamesheetstats.com/api/useSeasonDivisions/getSeason/12907","",""
"12908","https://gamesheetstats.com/api/useSeasonDivisions/getSeason/12908","Playdowns (D5)","USAH - Massachusetts District"
"12909","https://gamesheetstats.com/api/useSeasonDivisions/getSeason/12909","Lady Jr Lancer Showcase - Jan 2-4, 2026","USAH - Central District"
"12910","https://gamesheetstats.com/api/useSeasonDivisions/getSeason/12910","Burnett - Tom and Laurel Stusek Jr. Gold Tournament - Jan 2-4, 2026","USAH - Central District"
"12911","https://gamesheetstats.com/api/useSeasonDivisions/getSeason/12911","",""
"12912","https://gamesheetstats.com/api/useSeasonDivisions/getSeason/12912","Hayward - Chiller Challenge Bantam Tournament Jan 3-4, 2026","USAH - Central District"
"12913","https://gamesheetstats.com/api/useSeasonDivisions/getSeason/12913","D2 St Paul Capitals - Cormick Cup - Jan 2-4, 2026","USAH - Minnesota District"
"12914","https://gamesheetstats.com/api/useSeasonDivisions/getSeason/12914","D16 Warroad Youth Hockey - PeeWee B Tournament - Jan 2-4, 2026","USAH - Minnesota District"
"12915","https://gamesheetstats.com/api/useSeasonDivisions/getSeason/12915","Superior - Peewee A/Squirt A - Jan 2-4, 2026","USAH - Central District"
"12916","https://gamesheetstats.com/api/useSeasonDivisions/getSeason/12916","D16 Bemidji - Peewee B1 Tournament - Jan 2-4, 2026","USAH - Minnesota District"
"12917","https://gamesheetstats.com/api/useSeasonDivisions/getSeason/12917","D3 Wayzata - Freeze Tournament - Jan 2-4, 2026","USAH - Minnesota District"
"12918","https://gamesheetstats.com/api/useSeasonDivisions/getSeason/12918","D16 Roseau - Dave Wensloff Squirt A Tournament - Jan 2-4, 2026","USAH - Minnesota District"
"12919","https://gamesheetstats.com/api/useSeasonDivisions/getSeason/12919","D2 New Richmond - Winter Classic Peewee/U12 Tournament - Jan 2-4, 2026","USAH - Minnesota District"
"12920","https://gamesheetstats.com/api/useSeasonDivisions/getSeason/12920","",""
"12921","https://gamesheetstats.com/api/useSeasonDivisions/getSeason/12921","D4 NUSE - Herman Cup Tournament Bantam B2 - Jan 2-4, 2026","USAH - Minnesota District"
"12922","https://gamesheetstats.com/api/useSeasonDivisions/getSeason/12922","D9 Duluth - Up North - Jan 2-4, 2026","USAH - Minnesota District"
"12923","https://gamesheetstats.com/api/useSeasonDivisions/getSeason/12923","D9 Albert Lea - 10U B1 Tournament - Jan 2-4, 2026","USAH - Minnesota District"
"12924","https://gamesheetstats.com/api/useSeasonDivisions/getSeason/12924","D9 Owatonna - O-Town Showdown SC - Jan 2-4, 2026","USAH - Minnesota District"
"12925","https://gamesheetstats.com/api/useSeasonDivisions/getSeason/12925","D4 Worthington - Bantam B Tournament - Jan 2-4, 2026","USAH - Minnesota District"
"12926","https://gamesheetstats.com/api/useSeasonDivisions/getSeason/12926","",""
"12927","https://gamesheetstats.com/api/useSeasonDivisions/getSeason/12927","",""
"12928","https://gamesheetstats.com/api/useSeasonDivisions/getSeason/12928","",""
"12929","https://gamesheetstats.com/api/useSeasonDivisions/getSeason/12929","",""
"12930","https://gamesheetstats.com/api/useSeasonDivisions/getSeason/12930","Metro East Hockey League - Winter 2025-26","Independent / Adult Leagues"
"12931","https://gamesheetstats.com/api/useSeasonDivisions/getSeason/12931","",""
"12932","https://gamesheetstats.com/api/useSeasonDivisions/getSeason/12932","",""
"12933","https://gamesheetstats.com/api/useSeasonDivisions/getSeason/12933","",""
"12934","https://gamesheetstats.com/api/useSeasonDivisions/getSeason/12934","Kingston (CAL) - Kingston Causeway Classic Dec 27 - 30, 2025","OMHA"
"12935","https://gamesheetstats.com/api/useSeasonDivisions/getSeason/12935","Toronto Marlboros - Holiday Classic - December 27-30, 2025","Independent / Adult Leagues"
"12936","https://gamesheetstats.com/api/useSeasonDivisions/getSeason/12936","Belleville (RELM) - Christmas HL Classic Dec 27 - 28, 2025","OMHA"
"12937","https://gamesheetstats.com/api/useSeasonDivisions/getSeason/12937","Brampton Regional Silver Stick Dec 27 - 30, 2025","OMHA"
"12938","https://gamesheetstats.com/api/useSeasonDivisions/getSeason/12938","Clarington Classic John Hogarth Memorial Dec 27 - 28, 2025","OMHA"
"12939","https://gamesheetstats.com/api/useSeasonDivisions/getSeason/12939","Clearview Holiday Local League Tournament Dec 27 - 29, 2025","OMHA"
"12940","https://gamesheetstats.com/api/useSeasonDivisions/getSeason/12940","CAHA 2026 State Tournament","USAH - Southeastern District"
"12941","https://gamesheetstats.com/api/useSeasonDivisions/getSeason/12941","Glanbrook - Jerry Smith Memorial Tournament Dec 27 - 29, 2025","OMHA"
"12942","https://gamesheetstats.com/api/useSeasonDivisions/getSeason/12942","Hespeler - 59th Annual Hespeler Olympics Dec 27 - 30, 2025","OMHA"
"12943","https://gamesheetstats.com/api/useSeasonDivisions/getSeason/12943","Klevr Holiday Klassik - Jan 2-5, 2026","Independent / Adult Leagues"
"12944","https://gamesheetstats.com/api/useSeasonDivisions/getSeason/12944","Kincardine Regional Silver Stick Dec 27 - 30, 2025","OMHA"
"12945","https://gamesheetstats.com/api/useSeasonDivisions/getSeason/12945","Niagara Falls - Al Boone Memorial Tournament Dec 27 - 29, 2025","OMHA"
"12946","https://gamesheetstats.com/api/useSeasonDivisions/getSeason/12946","Newmarket Christmas Cup Dec 27 - 28, 2025","OMHA"
"12947","https://gamesheetstats.com/api/useSeasonDivisions/getSeason/12947","Monroe County High School Club Hockey League - 2025/2026 Season","USA - Independent"
"12948","https://gamesheetstats.com/api/useSeasonDivisions/getSeason/12948","Petrolia - Earle Trevail Memorial U18 Stick Dec 27 - 30, 2025","OMHA"
"12949","https://gamesheetstats.com/api/useSeasonDivisions/getSeason/12949","Amery - PeeWee Tournament - Jan 2-4, 2026","USAH - Central District"
"12950","https://gamesheetstats.com/api/useSeasonDivisions/getSeason/12950","Quinte West - Highway of Heroes Select Tournament Dec 27 - 29, 2025","OMHA"
"12951","https://gamesheetstats.com/api/useSeasonDivisions/getSeason/12951","SMHA Red and White - U18/U15 Dec 29, 2025","OMHA"
"12952","https://gamesheetstats.com/api/useSeasonDivisions/getSeason/12952","Orono - Bryan Bickell Cup U13/U11 LL&SL - Dec 29, 2025 - Jan 3, 2026","OMHA"
"12953","https://gamesheetstats.com/api/useSeasonDivisions/getSeason/12953","Eau Claire - Michael Hughes Memorial Squirt Tournament - Jan 2-4, 2026","USAH - Central District"
"12954","https://gamesheetstats.com/api/useSeasonDivisions/getSeason/12954","River Falls - PeeWee A/B1 & Squirt A/B1 - January 2-4, 2026","USAH - Central District"
"12955","https://gamesheetstats.com/api/useSeasonDivisions/getSeason/12955","Appleton - Clash at the Champion (PWB) - Jan 2-4, 2026","USAH - Central District"
"12956","https://gamesheetstats.com/api/useSeasonDivisions/getSeason/12956","Grand Forks Youth Hockey Association - Bantam AA & Peewee AA Tournament - Jan 1-4, 2026","USAH - Northern Plains District"
"12957","https://gamesheetstats.com/api/useSeasonDivisions/getSeason/12957","Mrs. Hockey Invite - Jan 16-19, 2026","Premier Ice Prospects"
"12958","https://gamesheetstats.com/api/useSeasonDivisions/getSeason/12958","10U A/B Bozeman Cup - Jan 2-4, 2026","USAH - Northern Plains District"
"12959","https://gamesheetstats.com/api/useSeasonDivisions/getSeason/12959","Brookings - Jr Gold Winter Classic - Jan 2-4, 2026","USAH - Northern Plains District"
"12960","https://gamesheetstats.com/api/useSeasonDivisions/getSeason/12960","Girls Metro Jamboree 2026","Colorado Amateur Hockey Association (CAHA)"
"12961","https://gamesheetstats.com/api/useSeasonDivisions/getSeason/12961","D11 Hermantown - Bantam B1 Tournament - Jan 9-11, 2026","USAH - Minnesota District"
"12962","https://gamesheetstats.com/api/useSeasonDivisions/getSeason/12962","NEMHA - Annual Blair Mitchell Christmas Tournament - Dec 27-30, 2025","Hockey Newfoundland"
"12963","https://gamesheetstats.com/api/useSeasonDivisions/getSeason/12963","West Fargo - Peewee B1 Winter Classic Tournament - Jan 2-4, 2026","USAH - Northern Plains District"
"12964","https://gamesheetstats.com/api/useSeasonDivisions/getSeason/12964","Breezy Point Hockey - Squirt A Tournament - Jan 2-4, 2026","USAH - Minnesota District"
"12965","https://gamesheetstats.com/api/useSeasonDivisions/getSeason/12965","Utica Comets Cup - January 2-4, 2026","USA - Independent"
"12966","https://gamesheetstats.com/api/useSeasonDivisions/getSeason/12966","Tier 1 Elite 14U League Championships - Dec 19-21, 2025","USAH"
"12967","https://gamesheetstats.com/api/useSeasonDivisions/getSeason/12967","",""
"12968","https://gamesheetstats.com/api/useSeasonDivisions/getSeason/12968","",""
"12969","https://gamesheetstats.com/api/useSeasonDivisions/getSeason/12969","",""
"12970","https://gamesheetstats.com/api/useSeasonDivisions/getSeason/12970","26-014 - Wayne Gretzky International Tournament - BMHA","Minor Hockey Alliance of Ontario (Alliance)"
"12971","https://gamesheetstats.com/api/useSeasonDivisions/getSeason/12971","26-015 - Walter Gretzky House League Tournament - BMHA","Minor Hockey Alliance of Ontario (Alliance)"
"12972","https://gamesheetstats.com/api/useSeasonDivisions/getSeason/12972","East Coast Ice -  Holiday Classic, Dec. 27-30th, 2025","Hockey New Brunswick"
"12973","https://gamesheetstats.com/api/useSeasonDivisions/getSeason/12973","D15 Moorhead - Jr Gold 16U Tournament - Jan 2-4, 2026","USAH - Minnesota District"
"12974","https://gamesheetstats.com/api/useSeasonDivisions/getSeason/12974","D15 Moorhead - Jr Gold 18U B - Tournament Jan 2-4, 2026","USAH - Minnesota District"
"12975","https://gamesheetstats.com/api/useSeasonDivisions/getSeason/12975","D15 Brainerd - Peewee AA & Peewee B1 Tournament - Jan 2-4, 2026","USAH - Minnesota District"
"12976","https://gamesheetstats.com/api/useSeasonDivisions/getSeason/12976","D12 Grand Rapids - Bantam B2 Star of the North - Jan 2-4, 2026","USAH - Minnesota District"
"12977","https://gamesheetstats.com/api/useSeasonDivisions/getSeason/12977","D15 Prairie Centre - I-94 Squirt B1 Challenge - Jan 2-4, 2026","USAH - Minnesota District"
"12978","https://gamesheetstats.com/api/useSeasonDivisions/getSeason/12978","The District Indoor","Independent Lacrosse"
"12979","https://gamesheetstats.com/api/useSeasonDivisions/getSeason/12979","Georgian Bay - Danny Wood Memorial Jamboree (U7 & U8) Dec 20, 2025","OMHA"
"12980","https://gamesheetstats.com/api/useSeasonDivisions/getSeason/12980","26-NA - Jason Cripps Memorial House League Tournament - KMHA","Minor Hockey Alliance of Ontario (Alliance)"
"12981","https://gamesheetstats.com/api/useSeasonDivisions/getSeason/12981","",""
"12982","https://gamesheetstats.com/api/useSeasonDivisions/getSeason/12982","",""
"12983","https://gamesheetstats.com/api/useSeasonDivisions/getSeason/12983","",""
"12984","https://gamesheetstats.com/api/useSeasonDivisions/getSeason/12984","Washington County - Candy Cane Classic - December 20-21, 2025","USAH - Central District"
"12985","https://gamesheetstats.com/api/useSeasonDivisions/getSeason/12985","Helpscout Article Season","ZZ-Testing  Association"
"12986","https://gamesheetstats.com/api/useSeasonDivisions/getSeason/12986","2025-26 FYHA SCHEELS Girls International 10U - Jan 2-4, 2026","USAH - Northern Plains District"
"12987","https://gamesheetstats.com/api/useSeasonDivisions/getSeason/12987","D2 St Paul - Squirt A/B/C Tournament - Jan 2-4, 2026","USAH - Minnesota District"
"12988","https://gamesheetstats.com/api/useSeasonDivisions/getSeason/12988","Hudson - Diamonds, Pearls, and Hockey Girls - Jan 9-11, 2026","USAH - Central District"
"12989","https://gamesheetstats.com/api/useSeasonDivisions/getSeason/12989","NEGHL RIVALRY SERIES - Islanders Holiday Fest Tournament, Dec 27-31, 2025","USAH - Massachusetts District"
"12990","https://gamesheetstats.com/api/useSeasonDivisions/getSeason/12990","D8 Hastings - Big Chill Tournament - Jan 8-11, 2026","USAH - Minnesota District"
"12991","https://gamesheetstats.com/api/useSeasonDivisions/getSeason/12991","Barrie - Georgian Communities Winter Classic Jan 2 - 4, 2026","OMHA"
"12992","https://gamesheetstats.com/api/useSeasonDivisions/getSeason/12992","D15 Alexandria - Big Ole Tournament BAA/A and BB - Jan 9-11, 2026","USAH - Minnesota District"
"12993","https://gamesheetstats.com/api/useSeasonDivisions/getSeason/12993","Loyalist Township - Brookland Fine Homes Top Gun Tournament Jan 2 - 4, 2026","OMHA"
"12994","https://gamesheetstats.com/api/useSeasonDivisions/getSeason/12994","Ontario Rep Hockey League - Buffalo Outdoor Air Tournament, Dec 27-29, 2025","Ontario Rep Hockey League"
"12995","https://gamesheetstats.com/api/useSeasonDivisions/getSeason/12995","Midland Centennial Cup (U13-U18 LL) Jan 2 - 4, 2026","OMHA"
"12996","https://gamesheetstats.com/api/useSeasonDivisions/getSeason/12996","Halton Hills Thunder Memorial Tournament Jan 2 - 4, 2026","OMHA"
"12997","https://gamesheetstats.com/api/useSeasonDivisions/getSeason/12997","Mid  Huron Huskies - Grant Lee Memorial Jan 2 - 3, 2026","OMHA"
"12998","https://gamesheetstats.com/api/useSeasonDivisions/getSeason/12998","",""
"12999","https://gamesheetstats.com/api/useSeasonDivisions/getSeason/12999","Shallow Lake Minor Hockey - U15/U18 Lakers Classic Jan 2 - 4, 2026","OMHA"
"13000","https://gamesheetstats.com/api/useSeasonDivisions/getSeason/13000","GameSheet Prep Cup - Jan 9-11, 2026","High School "
"13001","https://gamesheetstats.com/api/useSeasonDivisions/getSeason/13001","",""
"13002","https://gamesheetstats.com/api/useSeasonDivisions/getSeason/13002","",""
"13003","https://gamesheetstats.com/api/useSeasonDivisions/getSeason/13003","Tampa, FL (Jan 10 - 11, 2026)","USA - Independent"
"13004","https://gamesheetstats.com/api/useSeasonDivisions/getSeason/13004","MHT- Washington - Congressional Cup Midwinter Classic - Jan 17-19, 2026","MYHockey Tournaments"
"13005","https://gamesheetstats.com/api/useSeasonDivisions/getSeason/13005","MHT- Salt Lake City - Grizz Cup - Jan 16-19, 2026","MYHockey Tournaments"
"13006","https://gamesheetstats.com/api/useSeasonDivisions/getSeason/13006","Hockey Saskatchewan - Sask First Male U15 Top 160, Dec 28-30, 2025","Hockey Saskatchewan"
"13007","https://gamesheetstats.com/api/useSeasonDivisions/getSeason/13007","Flin Flon - U11 - Jason Morran Tournament - Jan 2-4, 2026","Hockey Manitoba"
"13008","https://gamesheetstats.com/api/useSeasonDivisions/getSeason/13008","Arnprior Minor Hockey - U11 /U13 Rep, Jan 3 - 4, 2026","Hockey Eastern Ontario (HEO)"
"13009","https://gamesheetstats.com/api/useSeasonDivisions/getSeason/13009","Pembroke - U7 Tournament, Jan 3, 2026 -  Cancelled","Hockey Eastern Ontario (HEO)"
"13010","https://gamesheetstats.com/api/useSeasonDivisions/getSeason/13010","",""
"13011","https://gamesheetstats.com/api/useSeasonDivisions/getSeason/13011","Eganville - Under 11 House C Tournament, Jan 4, 2026","Hockey Eastern Ontario (HEO)"
"13012","https://gamesheetstats.com/api/useSeasonDivisions/getSeason/13012","Bradford Blue & Gold Tournament Jan 2 - 4, 2026","OMHA"
"13013","https://gamesheetstats.com/api/useSeasonDivisions/getSeason/13013","Sioux Falls - Challenger Series Bantam Tournament - Jan 9-11, 2025","USAH - Northern Plains District"
"13014","https://gamesheetstats.com/api/useSeasonDivisions/getSeason/13014","Deep River Minor Hockey - U18 Tournament - Jan 3, 2026","Hockey Eastern Ontario (HEO)"
"13015","https://gamesheetstats.com/api/useSeasonDivisions/getSeason/13015","D16 Warroad Youth Hockey - Squirt B Tournament - Jan 9-11, 2026","USAH - Minnesota District"
"13016","https://gamesheetstats.com/api/useSeasonDivisions/getSeason/13016","Upper York - Winter Classic Tournament Jan 2 - 4, 2026","OMHA"
"13017","https://gamesheetstats.com/api/useSeasonDivisions/getSeason/13017","Superior - Peewee B - Jan 9-11, 2026","USAH - Central District"
"13018","https://gamesheetstats.com/api/useSeasonDivisions/getSeason/13018","D2 MVI - Super Rink Spectacular New Years Tournament - Jan 9-11, 2025","USAH - Minnesota District"
"13019","https://gamesheetstats.com/api/useSeasonDivisions/getSeason/13019","Thunderbird Youth Hockey - Battle for the Biscuit Tournament - Jan 9-11, 2025","USAH - Central District"
"13020","https://gamesheetstats.com/api/useSeasonDivisions/getSeason/13020","D3 OMGHA - Cabin Fever U12 Tournament - Jan 9-11, 2026","USAH - Minnesota District"
"13021","https://gamesheetstats.com/api/useSeasonDivisions/getSeason/13021","",""
"13022","https://gamesheetstats.com/api/useSeasonDivisions/getSeason/13022","Arran-Elderslie - U15 LL Tournament Jan 3, 2026","OMHA"
"13023","https://gamesheetstats.com/api/useSeasonDivisions/getSeason/13023","Drayton Minor Hockey - U11LL Ring in the New Year Tournament Jan 3, 2026","OMHA"
"13024","https://gamesheetstats.com/api/useSeasonDivisions/getSeason/13024","D4 Boji - Bantam B Boji Blast - Jan 9-11, 2026","USAH - Minnesota District"
"13025","https://gamesheetstats.com/api/useSeasonDivisions/getSeason/13025","D2 New Richmond - Kittel/Parin POW/MIA Memorial Bantam Tournament - Jan 8-11, 2026","USAH - Minnesota District"
"13026","https://gamesheetstats.com/api/useSeasonDivisions/getSeason/13026","Beloit -Rumble on the Rock Squirt Tournament - January 9-11, 2026","USAH - Central District"
"13027","https://gamesheetstats.com/api/useSeasonDivisions/getSeason/13027","Renfrew Minor Hockey - U13 House B/C - January 9-11, 2026","Hockey Eastern Ontario (HEO)"
"13028","https://gamesheetstats.com/api/useSeasonDivisions/getSeason/13028","Grafton - U15 Classic Tournament Jan 3, 2026","OMHA"
"13029","https://gamesheetstats.com/api/useSeasonDivisions/getSeason/13029","Baldwin - Ice Fest Tournament - Jan 9-11, 2026","USAH - Central District"
"13030","https://gamesheetstats.com/api/useSeasonDivisions/getSeason/13030","D10 - Rogers - BarDown PeeWee A - Jan 9-11, 2026","USAH - Minnesota District"
"13031","https://gamesheetstats.com/api/useSeasonDivisions/getSeason/13031","D10 Blaine - Bengal Classic - Jan 9-11, 2026","USAH - Minnesota District"
"13032","https://gamesheetstats.com/api/useSeasonDivisions/getSeason/13032","",""
"13033","https://gamesheetstats.com/api/useSeasonDivisions/getSeason/13033","",""
"13034","https://gamesheetstats.com/api/useSeasonDivisions/getSeason/13034","",""
"13035","https://gamesheetstats.com/api/useSeasonDivisions/getSeason/13035","",""
"13036","https://gamesheetstats.com/api/useSeasonDivisions/getSeason/13036","",""
"13037","https://gamesheetstats.com/api/useSeasonDivisions/getSeason/13037","",""
"13038","https://gamesheetstats.com/api/useSeasonDivisions/getSeason/13038","",""
"13039","https://gamesheetstats.com/api/useSeasonDivisions/getSeason/13039","",""
"13040","https://gamesheetstats.com/api/useSeasonDivisions/getSeason/13040","",""
"13041","https://gamesheetstats.com/api/useSeasonDivisions/getSeason/13041","",""
"13042","https://gamesheetstats.com/api/useSeasonDivisions/getSeason/13042","",""
"13043","https://gamesheetstats.com/api/useSeasonDivisions/getSeason/13043","",""
"13044","https://gamesheetstats.com/api/useSeasonDivisions/getSeason/13044","",""
"13045","https://gamesheetstats.com/api/useSeasonDivisions/getSeason/13045","",""
"13046","https://gamesheetstats.com/api/useSeasonDivisions/getSeason/13046","",""
"13047","https://gamesheetstats.com/api/useSeasonDivisions/getSeason/13047","",""
"13048","https://gamesheetstats.com/api/useSeasonDivisions/getSeason/13048","",""
"13049","https://gamesheetstats.com/api/useSeasonDivisions/getSeason/13049","",""
"13050","https://gamesheetstats.com/api/useSeasonDivisions/getSeason/13050","",""
"13051","https://gamesheetstats.com/api/useSeasonDivisions/getSeason/13051","",""
"13052","https://gamesheetstats.com/api/useSeasonDivisions/getSeason/13052","",""
"13053","https://gamesheetstats.com/api/useSeasonDivisions/getSeason/13053","",""
"13054","https://gamesheetstats.com/api/useSeasonDivisions/getSeason/13054","",""
"13055","https://gamesheetstats.com/api/useSeasonDivisions/getSeason/13055","",""
"13056","https://gamesheetstats.com/api/useSeasonDivisions/getSeason/13056","",""
"13057","https://gamesheetstats.com/api/useSeasonDivisions/getSeason/13057","",""
"13058","https://gamesheetstats.com/api/useSeasonDivisions/getSeason/13058","",""
"13059","https://gamesheetstats.com/api/useSeasonDivisions/getSeason/13059","",""
"13060","https://gamesheetstats.com/api/useSeasonDivisions/getSeason/13060","",""
"13061","https://gamesheetstats.com/api/useSeasonDivisions/getSeason/13061","",""
"13062","https://gamesheetstats.com/api/useSeasonDivisions/getSeason/13062","",""
"13063","https://gamesheetstats.com/api/useSeasonDivisions/getSeason/13063","",""
"13064","https://gamesheetstats.com/api/useSeasonDivisions/getSeason/13064","",""
"13065","https://gamesheetstats.com/api/useSeasonDivisions/getSeason/13065","",""
"13066","https://gamesheetstats.com/api/useSeasonDivisions/getSeason/13066","",""
"13067","https://gamesheetstats.com/api/useSeasonDivisions/getSeason/13067","",""
"13068","https://gamesheetstats.com/api/useSeasonDivisions/getSeason/13068","",""
"13069","https://gamesheetstats.com/api/useSeasonDivisions/getSeason/13069","",""
"13070","https://gamesheetstats.com/api/useSeasonDivisions/getSeason/13070","",""
"13071","https://gamesheetstats.com/api/useSeasonDivisions/getSeason/13071","",""
"13072","https://gamesheetstats.com/api/useSeasonDivisions/getSeason/13072","",""
"13073","https://gamesheetstats.com/api/useSeasonDivisions/getSeason/13073","",""
"13074","https://gamesheetstats.com/api/useSeasonDivisions/getSeason/13074","",""
"13075","https://gamesheetstats.com/api/useSeasonDivisions/getSeason/13075","",""
"13076","https://gamesheetstats.com/api/useSeasonDivisions/getSeason/13076","",""
"13077","https://gamesheetstats.com/api/useSeasonDivisions/getSeason/13077","",""
"13078","https://gamesheetstats.com/api/useSeasonDivisions/getSeason/13078","",""
"13079","https://gamesheetstats.com/api/useSeasonDivisions/getSeason/13079","",""
"13080","https://gamesheetstats.com/api/useSeasonDivisions/getSeason/13080","",""
"13081","https://gamesheetstats.com/api/useSeasonDivisions/getSeason/13081","",""
"13082","https://gamesheetstats.com/api/useSeasonDivisions/getSeason/13082","",""
"13083","https://gamesheetstats.com/api/useSeasonDivisions/getSeason/13083","",""
"13084","https://gamesheetstats.com/api/useSeasonDivisions/getSeason/13084","",""
"13085","https://gamesheetstats.com/api/useSeasonDivisions/getSeason/13085","",""
"13086","https://gamesheetstats.com/api/useSeasonDivisions/getSeason/13086","",""
"13087","https://gamesheetstats.com/api/useSeasonDivisions/getSeason/13087","",""
"13088","https://gamesheetstats.com/api/useSeasonDivisions/getSeason/13088","",""
"13089","https://gamesheetstats.com/api/useSeasonDivisions/getSeason/13089","",""
"13090","https://gamesheetstats.com/api/useSeasonDivisions/getSeason/13090","",""
"13091","https://gamesheetstats.com/api/useSeasonDivisions/getSeason/13091","",""
"13092","https://gamesheetstats.com/api/useSeasonDivisions/getSeason/13092","",""
"13093","https://gamesheetstats.com/api/useSeasonDivisions/getSeason/13093","",""
"13094","https://gamesheetstats.com/api/useSeasonDivisions/getSeason/13094","",""
"13095","https://gamesheetstats.com/api/useSeasonDivisions/getSeason/13095","",""
"13096","https://gamesheetstats.com/api/useSeasonDivisions/getSeason/13096","",""
"13097","https://gamesheetstats.com/api/useSeasonDivisions/getSeason/13097","",""
"13098","https://gamesheetstats.com/api/useSeasonDivisions/getSeason/13098","",""
"13099","https://gamesheetstats.com/api/useSeasonDivisions/getSeason/13099","",""
"13100","https://gamesheetstats.com/api/useSeasonDivisions/getSeason/13100","",""
"13101","https://gamesheetstats.com/api/useSeasonDivisions/getSeason/13101","",""
"13102","https://gamesheetstats.com/api/useSeasonDivisions/getSeason/13102","",""
"13103","https://gamesheetstats.com/api/useSeasonDivisions/getSeason/13103","",""
"13104","https://gamesheetstats.com/api/useSeasonDivisions/getSeason/13104","",""
"13105","https://gamesheetstats.com/api/useSeasonDivisions/getSeason/13105","",""
"13106","https://gamesheetstats.com/api/useSeasonDivisions/getSeason/13106","",""
"13107","https://gamesheetstats.com/api/useSeasonDivisions/getSeason/13107","",""
"13108","https://gamesheetstats.com/api/useSeasonDivisions/getSeason/13108","",""
"13109","https://gamesheetstats.com/api/useSeasonDivisions/getSeason/13109","",""
"13110","https://gamesheetstats.com/api/useSeasonDivisions/getSeason/13110","",""
"13111","https://gamesheetstats.com/api/useSeasonDivisions/getSeason/13111","",""
"13112","https://gamesheetstats.com/api/useSeasonDivisions/getSeason/13112","",""
"13113","https://gamesheetstats.com/api/useSeasonDivisions/getSeason/13113","",""
"13114","https://gamesheetstats.com/api/useSeasonDivisions/getSeason/13114","",""
"13115","https://gamesheetstats.com/api/useSeasonDivisions/getSeason/13115","",""
"13116","https://gamesheetstats.com/api/useSeasonDivisions/getSeason/13116","",""
"13117","https://gamesheetstats.com/api/useSeasonDivisions/getSeason/13117","",""
"13118","https://gamesheetstats.com/api/useSeasonDivisions/getSeason/13118","",""
"13119","https://gamesheetstats.com/api/useSeasonDivisions/getSeason/13119","",""
"13120","https://gamesheetstats.com/api/useSeasonDivisions/getSeason/13120","",""
"13121","https://gamesheetstats.com/api/useSeasonDivisions/getSeason/13121","",""
"13122","https://gamesheetstats.com/api/useSeasonDivisions/getSeason/13122","",""
"13123","https://gamesheetstats.com/api/useSeasonDivisions/getSeason/13123","",""
"13124","https://gamesheetstats.com/api/useSeasonDivisions/getSeason/13124","",""
"13125","https://gamesheetstats.com/api/useSeasonDivisions/getSeason/13125","",""
"13126","https://gamesheetstats.com/api/useSeasonDivisions/getSeason/13126","",""
"13127","https://gamesheetstats.com/api/useSeasonDivisions/getSeason/13127","",""
"13128","https://gamesheetstats.com/api/useSeasonDivisions/getSeason/13128","",""
"13129","https://gamesheetstats.com/api/useSeasonDivisions/getSeason/13129","",""
"13130","https://gamesheetstats.com/api/useSeasonDivisions/getSeason/13130","",""
"13131","https://gamesheetstats.com/api/useSeasonDivisions/getSeason/13131","",""
"13132","https://gamesheetstats.com/api/useSeasonDivisions/getSeason/13132","",""
"13133","https://gamesheetstats.com/api/useSeasonDivisions/getSeason/13133","",""
"13134","https://gamesheetstats.com/api/useSeasonDivisions/getSeason/13134","",""
"13135","https://gamesheetstats.com/api/useSeasonDivisions/getSeason/13135","",""
"13136","https://gamesheetstats.com/api/useSeasonDivisions/getSeason/13136","",""
"13137","https://gamesheetstats.com/api/useSeasonDivisions/getSeason/13137","",""
"13138","https://gamesheetstats.com/api/useSeasonDivisions/getSeason/13138","",""
"13139","https://gamesheetstats.com/api/useSeasonDivisions/getSeason/13139","",""
"13140","https://gamesheetstats.com/api/useSeasonDivisions/getSeason/13140","",""
"13141","https://gamesheetstats.com/api/useSeasonDivisions/getSeason/13141","",""
"13142","https://gamesheetstats.com/api/useSeasonDivisions/getSeason/13142","",""
"13143","https://gamesheetstats.com/api/useSeasonDivisions/getSeason/13143","",""
"13144","https://gamesheetstats.com/api/useSeasonDivisions/getSeason/13144","",""
"13145","https://gamesheetstats.com/api/useSeasonDivisions/getSeason/13145","",""
"13146","https://gamesheetstats.com/api/useSeasonDivisions/getSeason/13146","",""
"13147","https://gamesheetstats.com/api/useSeasonDivisions/getSeason/13147","",""
"13148","https://gamesheetstats.com/api/useSeasonDivisions/getSeason/13148","",""
"13149","https://gamesheetstats.com/api/useSeasonDivisions/getSeason/13149","",""
"13150","https://gamesheetstats.com/api/useSeasonDivisions/getSeason/13150","",""
"13151","https://gamesheetstats.com/api/useSeasonDivisions/getSeason/13151","",""
"13152","https://gamesheetstats.com/api/useSeasonDivisions/getSeason/13152","",""
"13153","https://gamesheetstats.com/api/useSeasonDivisions/getSeason/13153","",""
"13154","https://gamesheetstats.com/api/useSeasonDivisions/getSeason/13154","",""
"13155","https://gamesheetstats.com/api/useSeasonDivisions/getSeason/13155","",""
"13156","https://gamesheetstats.com/api/useSeasonDivisions/getSeason/13156","",""
"13157","https://gamesheetstats.com/api/useSeasonDivisions/getSeason/13157","",""
"13158","https://gamesheetstats.com/api/useSeasonDivisions/getSeason/13158","",""
"13159","https://gamesheetstats.com/api/useSeasonDivisions/getSeason/13159","",""
"13160","https://gamesheetstats.com/api/useSeasonDivisions/getSeason/13160","",""
"13161","https://gamesheetstats.com/api/useSeasonDivisions/getSeason/13161","",""
"13162","https://gamesheetstats.com/api/useSeasonDivisions/getSeason/13162","",""
"13163","https://gamesheetstats.com/api/useSeasonDivisions/getSeason/13163","",""
"13164","https://gamesheetstats.com/api/useSeasonDivisions/getSeason/13164","",""
"13165","https://gamesheetstats.com/api/useSeasonDivisions/getSeason/13165","",""
"13166","https://gamesheetstats.com/api/useSeasonDivisions/getSeason/13166","",""
"13167","https://gamesheetstats.com/api/useSeasonDivisions/getSeason/13167","",""
"13168","https://gamesheetstats.com/api/useSeasonDivisions/getSeason/13168","",""
"13169","https://gamesheetstats.com/api/useSeasonDivisions/getSeason/13169","",""
"13170","https://gamesheetstats.com/api/useSeasonDivisions/getSeason/13170","",""
"13171","https://gamesheetstats.com/api/useSeasonDivisions/getSeason/13171","",""
"13172","https://gamesheetstats.com/api/useSeasonDivisions/getSeason/13172","",""
"13173","https://gamesheetstats.com/api/useSeasonDivisions/getSeason/13173","",""
"13174","https://gamesheetstats.com/api/useSeasonDivisions/getSeason/13174","",""
"13175","https://gamesheetstats.com/api/useSeasonDivisions/getSeason/13175","",""
"13176","https://gamesheetstats.com/api/useSeasonDivisions/getSeason/13176","",""
"13177","https://gamesheetstats.com/api/useSeasonDivisions/getSeason/13177","",""
"13178","https://gamesheetstats.com/api/useSeasonDivisions/getSeason/13178","",""
"13179","https://gamesheetstats.com/api/useSeasonDivisions/getSeason/13179","",""
"13180","https://gamesheetstats.com/api/useSeasonDivisions/getSeason/13180","",""
"13181","https://gamesheetstats.com/api/useSeasonDivisions/getSeason/13181","",""
"13182","https://gamesheetstats.com/api/useSeasonDivisions/getSeason/13182","",""
"13183","https://gamesheetstats.com/api/useSeasonDivisions/getSeason/13183","",""
"13184","https://gamesheetstats.com/api/useSeasonDivisions/getSeason/13184","",""
"13185","https://gamesheetstats.com/api/useSeasonDivisions/getSeason/13185","",""
"13186","https://gamesheetstats.com/api/useSeasonDivisions/getSeason/13186","",""
"13187","https://gamesheetstats.com/api/useSeasonDivisions/getSeason/13187","",""
"13188","https://gamesheetstats.com/api/useSeasonDivisions/getSeason/13188","",""
"13189","https://gamesheetstats.com/api/useSeasonDivisions/getSeason/13189","",""
"13190","https://gamesheetstats.com/api/useSeasonDivisions/getSeason/13190","",""
"13191","https://gamesheetstats.com/api/useSeasonDivisions/getSeason/13191","",""
"13192","https://gamesheetstats.com/api/useSeasonDivisions/getSeason/13192","",""
"13193","https://gamesheetstats.com/api/useSeasonDivisions/getSeason/13193","",""
"13194","https://gamesheetstats.com/api/useSeasonDivisions/getSeason/13194","",""
"13195","https://gamesheetstats.com/api/useSeasonDivisions/getSeason/13195","",""
"13196","https://gamesheetstats.com/api/useSeasonDivisions/getSeason/13196","",""
"13197","https://gamesheetstats.com/api/useSeasonDivisions/getSeason/13197","",""
"13198","https://gamesheetstats.com/api/useSeasonDivisions/getSeason/13198","",""
"13199","https://gamesheetstats.com/api/useSeasonDivisions/getSeason/13199","",""
"13200","https://gamesheetstats.com/api/useSeasonDivisions/getSeason/13200","",""
"13201","https://gamesheetstats.com/api/useSeasonDivisions/getSeason/13201","",""
"13202","https://gamesheetstats.com/api/useSeasonDivisions/getSeason/13202","",""
"13203","https://gamesheetstats.com/api/useSeasonDivisions/getSeason/13203","",""
"13204","https://gamesheetstats.com/api/useSeasonDivisions/getSeason/13204","",""
"13205","https://gamesheetstats.com/api/useSeasonDivisions/getSeason/13205","",""
"13206","https://gamesheetstats.com/api/useSeasonDivisions/getSeason/13206","",""
"13207","https://gamesheetstats.com/api/useSeasonDivisions/getSeason/13207","",""
"13208","https://gamesheetstats.com/api/useSeasonDivisions/getSeason/13208","",""
"13209","https://gamesheetstats.com/api/useSeasonDivisions/getSeason/13209","",""
"13210","https://gamesheetstats.com/api/useSeasonDivisions/getSeason/13210","",""
"13211","https://gamesheetstats.com/api/useSeasonDivisions/getSeason/13211","",""
"13212","https://gamesheetstats.com/api/useSeasonDivisions/getSeason/13212","",""
"13213","https://gamesheetstats.com/api/useSeasonDivisions/getSeason/13213","",""
"13214","https://gamesheetstats.com/api/useSeasonDivisions/getSeason/13214","",""
"13215","https://gamesheetstats.com/api/useSeasonDivisions/getSeason/13215","",""
"13216","https://gamesheetstats.com/api/useSeasonDivisions/getSeason/13216","",""
"13217","https://gamesheetstats.com/api/useSeasonDivisions/getSeason/13217","",""
"13218","https://gamesheetstats.com/api/useSeasonDivisions/getSeason/13218","",""
"13219","https://gamesheetstats.com/api/useSeasonDivisions/getSeason/13219","",""
"13220","https://gamesheetstats.com/api/useSeasonDivisions/getSeason/13220","",""
"13221","https://gamesheetstats.com/api/useSeasonDivisions/getSeason/13221","",""
"13222","https://gamesheetstats.com/api/useSeasonDivisions/getSeason/13222","",""
"13223","https://gamesheetstats.com/api/useSeasonDivisions/getSeason/13223","",""
"13224","https://gamesheetstats.com/api/useSeasonDivisions/getSeason/13224","",""
"13225","https://gamesheetstats.com/api/useSeasonDivisions/getSeason/13225","",""
"13226","https://gamesheetstats.com/api/useSeasonDivisions/getSeason/13226","",""
"13227","https://gamesheetstats.com/api/useSeasonDivisions/getSeason/13227","",""
"13228","https://gamesheetstats.com/api/useSeasonDivisions/getSeason/13228","",""
"13229","https://gamesheetstats.com/api/useSeasonDivisions/getSeason/13229","",""
"13230","https://gamesheetstats.com/api/useSeasonDivisions/getSeason/13230","",""
"13231","https://gamesheetstats.com/api/useSeasonDivisions/getSeason/13231","",""
"13232","https://gamesheetstats.com/api/useSeasonDivisions/getSeason/13232","",""
"13233","https://gamesheetstats.com/api/useSeasonDivisions/getSeason/13233","",""
"13234","https://gamesheetstats.com/api/useSeasonDivisions/getSeason/13234","",""
"13235","https://gamesheetstats.com/api/useSeasonDivisions/getSeason/13235","",""
"13236","https://gamesheetstats.com/api/useSeasonDivisions/getSeason/13236","",""
"13237","https://gamesheetstats.com/api/useSeasonDivisions/getSeason/13237","",""
"13238","https://gamesheetstats.com/api/useSeasonDivisions/getSeason/13238","",""
"13239","https://gamesheetstats.com/api/useSeasonDivisions/getSeason/13239","",""
"13240","https://gamesheetstats.com/api/useSeasonDivisions/getSeason/13240","",""
"13241","https://gamesheetstats.com/api/useSeasonDivisions/getSeason/13241","",""
"13242","https://gamesheetstats.com/api/useSeasonDivisions/getSeason/13242","",""
"13243","https://gamesheetstats.com/api/useSeasonDivisions/getSeason/13243","",""
"13244","https://gamesheetstats.com/api/useSeasonDivisions/getSeason/13244","",""
"13245","https://gamesheetstats.com/api/useSeasonDivisions/getSeason/13245","",""
"13246","https://gamesheetstats.com/api/useSeasonDivisions/getSeason/13246","",""
"13247","https://gamesheetstats.com/api/useSeasonDivisions/getSeason/13247","",""
"13248","https://gamesheetstats.com/api/useSeasonDivisions/getSeason/13248","",""
"13249","https://gamesheetstats.com/api/useSeasonDivisions/getSeason/13249","",""
"13250","https://gamesheetstats.com/api/useSeasonDivisions/getSeason/13250","",""
"13251","https://gamesheetstats.com/api/useSeasonDivisions/getSeason/13251","",""
"13252","https://gamesheetstats.com/api/useSeasonDivisions/getSeason/13252","",""
"13253","https://gamesheetstats.com/api/useSeasonDivisions/getSeason/13253","",""
"13254","https://gamesheetstats.com/api/useSeasonDivisions/getSeason/13254","",""
"13255","https://gamesheetstats.com/api/useSeasonDivisions/getSeason/13255","",""
"13256","https://gamesheetstats.com/api/useSeasonDivisions/getSeason/13256","",""
"13257","https://gamesheetstats.com/api/useSeasonDivisions/getSeason/13257","",""
"13258","https://gamesheetstats.com/api/useSeasonDivisions/getSeason/13258","",""
"13259","https://gamesheetstats.com/api/useSeasonDivisions/getSeason/13259","",""
"13260","https://gamesheetstats.com/api/useSeasonDivisions/getSeason/13260","",""
"13261","https://gamesheetstats.com/api/useSeasonDivisions/getSeason/13261","",""
"13262","https://gamesheetstats.com/api/useSeasonDivisions/getSeason/13262","",""
"13263","https://gamesheetstats.com/api/useSeasonDivisions/getSeason/13263","",""
"13264","https://gamesheetstats.com/api/useSeasonDivisions/getSeason/13264","",""
"13265","https://gamesheetstats.com/api/useSeasonDivisions/getSeason/13265","",""
"13266","https://gamesheetstats.com/api/useSeasonDivisions/getSeason/13266","",""
"13267","https://gamesheetstats.com/api/useSeasonDivisions/getSeason/13267","",""
"13268","https://gamesheetstats.com/api/useSeasonDivisions/getSeason/13268","",""
"13269","https://gamesheetstats.com/api/useSeasonDivisions/getSeason/13269","",""
"13270","https://gamesheetstats.com/api/useSeasonDivisions/getSeason/13270","",""
"13271","https://gamesheetstats.com/api/useSeasonDivisions/getSeason/13271","",""
"13272","https://gamesheetstats.com/api/useSeasonDivisions/getSeason/13272","",""
"13273","https://gamesheetstats.com/api/useSeasonDivisions/getSeason/13273","",""
"13274","https://gamesheetstats.com/api/useSeasonDivisions/getSeason/13274","",""
"13275","https://gamesheetstats.com/api/useSeasonDivisions/getSeason/13275","",""
"13276","https://gamesheetstats.com/api/useSeasonDivisions/getSeason/13276","",""
"13277","https://gamesheetstats.com/api/useSeasonDivisions/getSeason/13277","",""
"13278","https://gamesheetstats.com/api/useSeasonDivisions/getSeason/13278","",""
"13279","https://gamesheetstats.com/api/useSeasonDivisions/getSeason/13279","",""
"13280","https://gamesheetstats.com/api/useSeasonDivisions/getSeason/13280","",""
"13281","https://gamesheetstats.com/api/useSeasonDivisions/getSeason/13281","",""
"13282","https://gamesheetstats.com/api/useSeasonDivisions/getSeason/13282","",""
"13283","https://gamesheetstats.com/api/useSeasonDivisions/getSeason/13283","",""
"13284","https://gamesheetstats.com/api/useSeasonDivisions/getSeason/13284","",""
"13285","https://gamesheetstats.com/api/useSeasonDivisions/getSeason/13285","",""
"13286","https://gamesheetstats.com/api/useSeasonDivisions/getSeason/13286","",""
"13287","https://gamesheetstats.com/api/useSeasonDivisions/getSeason/13287","",""
"13288","https://gamesheetstats.com/api/useSeasonDivisions/getSeason/13288","",""
"13289","https://gamesheetstats.com/api/useSeasonDivisions/getSeason/13289","",""
"13290","https://gamesheetstats.com/api/useSeasonDivisions/getSeason/13290","",""
"13291","https://gamesheetstats.com/api/useSeasonDivisions/getSeason/13291","",""
"13292","https://gamesheetstats.com/api/useSeasonDivisions/getSeason/13292","",""
"13293","https://gamesheetstats.com/api/useSeasonDivisions/getSeason/13293","",""
"13294","https://gamesheetstats.com/api/useSeasonDivisions/getSeason/13294","",""
"13295","https://gamesheetstats.com/api/useSeasonDivisions/getSeason/13295","",""
"13296","https://gamesheetstats.com/api/useSeasonDivisions/getSeason/13296","",""
"13297","https://gamesheetstats.com/api/useSeasonDivisions/getSeason/13297","",""
"13298","https://gamesheetstats.com/api/useSeasonDivisions/getSeason/13298","",""
"13299","https://gamesheetstats.com/api/useSeasonDivisions/getSeason/13299","",""
"13300","https://gamesheetstats.com/api/useSeasonDivisions/getSeason/13300","",""
"13301","https://gamesheetstats.com/api/useSeasonDivisions/getSeason/13301","",""
"13302","https://gamesheetstats.com/api/useSeasonDivisions/getSeason/13302","",""
"13303","https://gamesheetstats.com/api/useSeasonDivisions/getSeason/13303","",""
"13304","https://gamesheetstats.com/api/useSeasonDivisions/getSeason/13304","",""
"13305","https://gamesheetstats.com/api/useSeasonDivisions/getSeason/13305","",""
"13306","https://gamesheetstats.com/api/useSeasonDivisions/getSeason/13306","",""
"13307","https://gamesheetstats.com/api/useSeasonDivisions/getSeason/13307","",""
"13308","https://gamesheetstats.com/api/useSeasonDivisions/getSeason/13308","",""
"13309","https://gamesheetstats.com/api/useSeasonDivisions/getSeason/13309","",""
"13310","https://gamesheetstats.com/api/useSeasonDivisions/getSeason/13310","",""
"13311","https://gamesheetstats.com/api/useSeasonDivisions/getSeason/13311","",""
"13312","https://gamesheetstats.com/api/useSeasonDivisions/getSeason/13312","",""
"13313","https://gamesheetstats.com/api/useSeasonDivisions/getSeason/13313","",""
"13314","https://gamesheetstats.com/api/useSeasonDivisions/getSeason/13314","",""
"13315","https://gamesheetstats.com/api/useSeasonDivisions/getSeason/13315","",""
"13316","https://gamesheetstats.com/api/useSeasonDivisions/getSeason/13316","",""
"13317","https://gamesheetstats.com/api/useSeasonDivisions/getSeason/13317","",""
"13318","https://gamesheetstats.com/api/useSeasonDivisions/getSeason/13318","",""
"13319","https://gamesheetstats.com/api/useSeasonDivisions/getSeason/13319","",""
"13320","https://gamesheetstats.com/api/useSeasonDivisions/getSeason/13320","",""
"13321","https://gamesheetstats.com/api/useSeasonDivisions/getSeason/13321","",""
"13322","https://gamesheetstats.com/api/useSeasonDivisions/getSeason/13322","",""
"13323","https://gamesheetstats.com/api/useSeasonDivisions/getSeason/13323","",""
"13324","https://gamesheetstats.com/api/useSeasonDivisions/getSeason/13324","",""
"13325","https://gamesheetstats.com/api/useSeasonDivisions/getSeason/13325","",""
"13326","https://gamesheetstats.com/api/useSeasonDivisions/getSeason/13326","",""
"13327","https://gamesheetstats.com/api/useSeasonDivisions/getSeason/13327","",""
"13328","https://gamesheetstats.com/api/useSeasonDivisions/getSeason/13328","",""
"13329","https://gamesheetstats.com/api/useSeasonDivisions/getSeason/13329","",""
"13330","https://gamesheetstats.com/api/useSeasonDivisions/getSeason/13330","",""
"13331","https://gamesheetstats.com/api/useSeasonDivisions/getSeason/13331","",""
"13332","https://gamesheetstats.com/api/useSeasonDivisions/getSeason/13332","",""
"13333","https://gamesheetstats.com/api/useSeasonDivisions/getSeason/13333","",""
"13334","https://gamesheetstats.com/api/useSeasonDivisions/getSeason/13334","",""
"13335","https://gamesheetstats.com/api/useSeasonDivisions/getSeason/13335","",""
"13336","https://gamesheetstats.com/api/useSeasonDivisions/getSeason/13336","",""
"13337","https://gamesheetstats.com/api/useSeasonDivisions/getSeason/13337","",""
"13338","https://gamesheetstats.com/api/useSeasonDivisions/getSeason/13338","",""
"13339","https://gamesheetstats.com/api/useSeasonDivisions/getSeason/13339","",""
"13340","https://gamesheetstats.com/api/useSeasonDivisions/getSeason/13340","",""
"13341","https://gamesheetstats.com/api/useSeasonDivisions/getSeason/13341","",""
"13342","https://gamesheetstats.com/api/useSeasonDivisions/getSeason/13342","",""
"13343","https://gamesheetstats.com/api/useSeasonDivisions/getSeason/13343","",""
"13344","https://gamesheetstats.com/api/useSeasonDivisions/getSeason/13344","",""
"13345","https://gamesheetstats.com/api/useSeasonDivisions/getSeason/13345","",""
"13346","https://gamesheetstats.com/api/useSeasonDivisions/getSeason/13346","",""
"13347","https://gamesheetstats.com/api/useSeasonDivisions/getSeason/13347","",""
"13348","https://gamesheetstats.com/api/useSeasonDivisions/getSeason/13348","",""
"13349","https://gamesheetstats.com/api/useSeasonDivisions/getSeason/13349","",""
"13350","https://gamesheetstats.com/api/useSeasonDivisions/getSeason/13350","",""
